date,close
2016-09-06,100.0250015258789
2016-09-07,102.4250030517578
2016-09-08,101.4000015258789
2016-09-09,104.4000015258789
2016-09-12,105.6999969482422
2016-09-13,104.6750030517578
2016-09-14,105.8000030517578
2016-09-15,106.9499969482422
2016-09-16,107.875
2016-09-19,107.9000015258789
2016-09-20,107.6750030517578
2016-09-21,108.5500030517578
2016-09-22,107.0749969482422
2016-09-23,107.2750015258789
2016-09-26,106.8249969482422
2016-09-27,103.8249969482422
2016-09-28,103.4749984741211
2016-09-29,101.9000015258789
2016-09-30,98.9000015258789
2016-10-03,98.9250030517578
2016-10-04,101.9000015258789
2016-10-05,102.8499984741211
2016-10-06,102.4250030517578
2016-10-07,101.875
2016-10-11,97.5
2016-10-12,96.75
2016-10-13,94.4499969482422
2016-10-14,95.9000015258789
2016-10-17,97.2750015258789
2016-10-18,97.75
2016-10-19,96.0250015258789
2016-10-20,99.0250015258789
2016-10-21,101.1500015258789
2016-10-24,103.125
2016-10-25,102.7249984741211
2016-10-26,103.0500030517578
2016-10-27,104.125
2016-10-28,104.1999969482422
2016-10-31,103.0999984741211
2016-11-01,105.5250015258789
2016-11-02,105.375
2016-11-03,104.0749969482422
2016-11-04,102.7249984741211
2016-11-07,101.6500015258789
2016-11-08,102.5999984741211
2016-11-09,103.4749984741211
2016-11-10,104.5
2016-11-14,105.5749969482422
2016-11-15,105.4749984741211
2016-11-16,108.1999969482422
2016-11-17,108.2249984741211
2016-11-18,108.3249969482422
2016-11-21,109.0250015258789
2016-11-22,109.3499984741211
2016-11-23,109.6750030517578
2016-11-25,110.75
2016-11-28,109.3000030517578
2016-11-29,108.9250030517578
2016-11-30,110.75
2016-12-01,110.5749969482422
2016-12-02,108.2249984741211
2016-12-05,107.8249969482422
2016-12-06,109.8499984741211
2016-12-07,109.375
2016-12-08,109.0500030517578
2016-12-09,108.7249984741211
2016-12-12,110.3499984741211
2016-12-13,111.125
2016-12-14,111.0999984741211
2016-12-15,110.7249984741211
2016-12-16,112.3249969482422
2016-12-19,111.9499969482422
2016-12-20,112.0999984741211
2016-12-21,113.2750015258789
2016-12-22,114.0
2016-12-23,114.5749969482422
2016-12-27,114.9499969482422
2016-12-28,115.9749984741211
2016-12-29,118.6999969482422
2016-12-30,119.0
2017-01-03,114.875
2017-01-04,115.6750030517578
2017-01-05,115.0749969482422
2017-01-06,114.8249969482422
2017-01-09,116.5250015258789
2017-01-10,119.5250015258789
2017-01-11,119.125
2017-01-12,117.4749984741211
2017-01-13,118.5250015258789
2017-01-17,119.5749969482422
2017-01-18,120.2750015258789
2017-01-19,121.0250015258789
2017-01-20,120.25
2017-01-23,120.25
2017-01-24,119.6750030517578
2017-01-25,119.875
2017-01-26,118.6999969482422
2017-01-27,118.3249969482422
2017-01-30,116.1750030517578
2017-01-31,115.5999984741211
2017-02-01,115.5749969482422
2017-02-02,116.875
2017-02-03,116.9000015258789
2017-02-06,116.4250030517578
2017-02-07,117.6750030517578
2017-02-08,116.7750015258789
2017-02-09,117.6500015258789
2017-02-10,116.4000015258789
2017-02-13,115.9250030517578
2017-02-14,117.375
2017-02-15,116.7750015258789
2017-02-16,116.5250015258789
2017-02-17,117.9250030517578
2017-02-21,119.0999984741211
2017-02-22,121.3000030517578
2017-02-23,123.0749969482422
2017-02-24,123.75
2017-02-27,125.375
2017-02-28,126.5999984741211
2017-03-01,117.5749969482422
2017-03-02,116.1500015258789
2017-03-03,115.9749984741211
2017-03-06,115.5500030517578
2017-03-07,115.3499984741211
2017-03-08,115.9749984741211
2017-03-09,116.5
2017-03-10,117.5999984741211
2017-03-13,117.75
2017-03-14,116.3249969482422
2017-03-15,117.6999969482422
2017-03-16,119.1999969482422
2017-03-17,119.3249969482422
2017-03-20,118.9000015258789
2017-03-21,119.9000015258789
2017-03-22,122.4499969482422
2017-03-23,121.7750015258789
2017-03-24,122.0999984741211
2017-03-27,121.0749969482422
2017-03-28,120.7750015258789
2017-03-29,121.3499984741211
2017-03-30,120.0
2017-03-31,119.9499969482422
2017-04-03,119.4250030517578
2017-04-04,118.2249984741211
2017-04-05,118.2750015258789
2017-04-06,118.8000030517578
2017-04-07,120.0500030517578
2017-04-10,121.0999984741211
2017-04-11,123.25
2017-04-12,124.1999969482422
2017-04-13,125.375
2017-04-17,126.4250030517578
2017-04-18,126.7750015258789
2017-04-19,127.9250030517578
2017-04-20,129.625
2017-04-21,129.8000030517578
2017-04-24,129.0
2017-04-25,129.8249969482422
2017-04-26,132.02499389648438
2017-04-27,135.60000610351562
2017-04-28,138.0
2017-05-01,124.125
2017-05-02,127.0500030517578
2017-05-03,130.0500030517578
2017-05-04,131.3000030517578
2017-05-05,128.3000030517578
2017-05-08,127.7750015258789
2017-05-09,124.9749984741211
2017-05-10,124.1999969482422
2017-05-11,123.9250030517578
2017-05-12,125.1750030517578
2017-05-15,122.4499969482422
2017-05-16,121.9000015258789
2017-05-17,122.4499969482422
2017-05-18,122.9250030517578
2017-05-19,123.4499969482422
2017-05-22,123.9250030517578
2017-05-23,123.0749969482422
2017-05-24,122.125
2017-05-25,123.9250030517578
2017-05-26,122.6999969482422
2017-05-30,122.9749984741211
2017-05-31,124.4250030517578
2017-06-01,127.4250030517578
2017-06-02,130.8249969482422
2017-06-05,132.10000610351562
2017-06-06,130.1999969482422
2017-06-07,131.1999969482422
2017-06-08,131.375
2017-06-09,131.25
2017-06-12,128.35000610351562
2017-06-13,127.5
2017-06-14,124.5
2017-06-15,122.5
2017-06-16,121.6999969482422
2017-06-19,120.0
2017-06-20,120.3499984741211
2017-06-21,119.5
2017-06-22,118.625
2017-06-23,119.1999969482422
2017-06-26,121.4749984741211
2017-06-27,119.5999984741211
2017-06-28,120.25
2017-06-29,120.1999969482422
2017-06-30,119.0999984741211
2017-07-03,115.75
2017-07-05,113.5500030517578
2017-07-06,114.9499969482422
2017-07-07,114.7750015258789
2017-07-10,113.8249969482422
2017-07-11,114.875
2017-07-12,117.875
2017-07-13,117.4250030517578
2017-07-14,117.8000030517578
2017-07-17,116.9499969482422
2017-07-18,115.0749969482422
2017-07-19,117.2750015258789
2017-07-20,115.875
2017-07-21,116.4250030517578
2017-07-24,113.875
2017-07-25,113.1750030517578
2017-07-26,114.3000030517578
2017-07-27,114.3000030517578
2017-07-28,112.9000015258789
2017-07-31,112.0
2017-08-01,112.8000030517578
2017-08-02,114.5250015258789
2017-08-03,115.2249984741211
2017-08-04,115.4499969482422
2017-08-07,112.75
2017-08-08,112.4749984741211
2017-08-09,110.0
2017-08-10,108.8499984741211
2017-08-11,109.7249984741211
2017-08-14,109.0500030517578
2017-08-15,110.0500030517578
2017-08-16,109.4749984741211
2017-08-17,107.125
2017-08-18,106.375
2017-08-21,106.0
2017-08-22,106.7249984741211
2017-08-23,105.6500015258789
2017-08-24,105.9499969482422
2017-08-25,105.9499969482422
2017-08-28,106.1999969482422
2017-08-29,105.25
2017-08-30,105.5500030517578
2017-08-31,104.5250015258789
2017-09-01,105.1500015258789
2017-09-05,104.4250030517578
2017-09-06,104.6999969482422
2017-09-07,106.2249984741211
2017-09-08,107.3249969482422
2017-09-11,107.1999969482422
2017-09-12,106.2750015258789
2017-09-13,107.5500030517578
2017-09-14,106.9250030517578
2017-09-15,107.75
2017-09-18,107.5749969482422
2017-09-19,107.9749984741211
2017-09-20,110.9499969482422
2017-09-21,110.0999984741211
2017-09-22,111.5749969482422
2017-09-25,109.2249984741211
2017-09-26,108.2750015258789
2017-09-27,108.5749969482422
2017-09-28,108.9749984741211
2017-09-29,109.0999984741211
2017-10-02,107.8249969482422
2017-10-03,109.0999984741211
2017-10-04,109.0749969482422
2017-10-05,110.1500015258789
2017-10-06,111.0250015258789
2017-10-09,111.4250030517578
2017-10-10,113.6999969482422
2017-10-11,113.7750015258789
2017-10-12,112.3499984741211
2017-10-13,112.8249969482422
2017-10-16,111.7249984741211
2017-10-17,111.1750030517578
2017-10-18,111.4749984741211
2017-10-19,111.1999969482422
2017-10-20,111.6750030517578
2017-10-23,111.5250015258789
2017-10-24,113.625
2017-10-25,113.0250015258789
2017-10-26,114.1500015258789
2017-10-27,115.375
2017-10-30,119.5749969482422
2017-10-31,120.5
2017-11-01,126.5999984741211
2017-11-02,124.3249969482422
2017-11-03,127.3000030517578
2017-11-06,125.3249969482422
2017-11-07,124.625
2017-11-08,122.9250030517578
2017-11-09,122.4749984741211
2017-11-10,120.5749969482422
2017-11-13,120.5749969482422
2017-11-14,119.5
2017-11-15,120.1999969482422
2017-11-16,119.5500030517578
2017-11-17,118.8499984741211
2017-11-20,117.0999984741211
2017-11-21,117.9749984741211
2017-11-22,119.0500030517578
2017-11-24,118.5749969482422
2017-11-27,119.8249969482422
2017-11-28,119.6500015258789
2017-11-29,120.4749984741211
2017-11-30,119.9000015258789
2017-12-01,117.2249984741211
2017-12-04,116.375
2017-12-05,116.4250030517578
2017-12-06,115.9000015258789
2017-12-07,115.625
2017-12-08,115.5749969482422
2017-12-11,115.1750030517578
2017-12-12,116.1500015258789
2017-12-13,115.6500015258789
2017-12-14,116.2750015258789
2017-12-15,118.9000015258789
2017-12-18,119.9749984741211
2017-12-19,120.0
2017-12-20,119.4000015258789
2017-12-21,119.625
2017-12-22,119.8249969482422
2017-12-26,121.5
2017-12-27,122.0250015258789
2017-12-28,124.5500030517578
2017-12-29,123.0
2018-01-02,123.3499984741211
2018-01-03,122.9499969482422
2018-01-04,122.25
2018-01-05,119.25
2018-01-08,117.2249984741211
2018-01-09,117.6750030517578
2018-01-10,116.875
2018-01-11,117.0749969482422
2018-01-12,117.375
2018-01-16,118.0999984741211
2018-01-17,120.9749984741211
2018-01-18,121.9499969482422
2018-01-19,121.9000015258789
2018-01-22,123.5500030517578
2018-01-23,124.7249984741211
2018-01-24,125.4250030517578
2018-01-25,122.4749984741211
2018-01-26,124.5999984741211
2018-01-29,125.6999969482422
2018-01-30,124.8249969482422
2018-01-31,123.8499984741211
2018-02-01,126.4250030517578
2018-02-02,126.8499984741211
2018-02-05,126.125
2018-02-06,125.625
2018-02-07,125.5999984741211
2018-02-08,125.7750015258789
2018-02-09,126.5250015258789
2018-02-12,127.125
2018-02-13,126.8249969482422
2018-02-14,127.6500015258789
2018-02-15,129.27499389648438
2018-02-16,130.10000610351562
2018-02-20,130.3000030517578
2018-02-21,129.64999389648438
2018-02-22,128.35000610351562
2018-02-23,128.0
2018-02-26,127.4000015258789
2018-02-27,128.02499389648438
2018-02-28,127.5
2018-03-01,123.3249969482422
2018-03-02,122.1750030517578
2018-03-05,123.2249984741211
2018-03-06,122.8249969482422
2018-03-07,122.9749984741211
2018-03-08,121.7750015258789
2018-03-09,123.125
2018-03-12,121.5500030517578
2018-03-13,121.9000015258789
2018-03-14,123.0
2018-03-15,121.8499984741211
2018-03-16,121.25
2018-03-19,120.2249984741211
2018-03-20,119.5749969482422
2018-03-21,117.6999969482422
2018-03-22,118.1500015258789
2018-03-23,116.0500030517578
2018-03-26,115.1750030517578
2018-03-27,115.4250030517578
2018-03-28,116.0
2018-03-29,113.75
2018-04-02,112.4000015258789
2018-04-03,111.9749984741211
2018-04-04,113.0250015258789
2018-04-05,114.3000030517578
2018-04-06,112.2249984741211
2018-04-09,112.0250015258789
2018-04-10,112.8000030517578
2018-04-11,113.5
2018-04-12,115.75
2018-04-13,116.5500030517578
2018-04-16,117.1500015258789
2018-04-17,118.0500030517578
2018-04-18,118.9749984741211
2018-04-19,117.8000030517578
2018-04-20,119.3499984741211
2018-04-23,121.7249984741211
2018-04-24,121.0999984741211
2018-04-25,121.9250030517578
2018-04-26,122.5250015258789
2018-04-27,124.4499969482422
2018-04-30,123.75
2018-05-01,105.8249969482422
2018-05-02,104.8499984741211
2018-05-03,106.5250015258789
2018-05-04,106.0500030517578
2018-05-07,105.1750030517578
2018-05-08,106.3000030517578
2018-05-09,105.6750030517578
2018-05-10,107.5250015258789
2018-05-11,107.625
2018-05-14,104.625
2018-05-15,102.9749984741211
2018-05-16,101.8249969482422
2018-05-17,103.0500030517578
2018-05-18,102.4000015258789
2018-05-21,104.9250030517578
2018-05-22,104.9000015258789
2018-05-23,105.4499969482422
2018-05-24,104.4000015258789
2018-05-25,104.6500015258789
2018-05-29,103.125
2018-05-30,106.125
2018-05-31,105.0500030517578
2018-06-01,104.9000015258789
2018-06-04,104.7249984741211
2018-06-05,107.1999969482422
2018-06-06,108.3000030517578
2018-06-07,108.375
2018-06-08,110.0250015258789
2018-06-11,108.6500015258789
2018-06-12,108.5250015258789
2018-06-13,107.9250030517578
2018-06-14,106.25
2018-06-15,108.4499969482422
2018-06-18,108.3000030517578
2018-06-19,108.5250015258789
2018-06-20,109.0250015258789
2018-06-21,108.6500015258789
2018-06-22,108.2750015258789
2018-06-25,105.9749984741211
2018-06-26,105.9250030517578
2018-06-27,107.0250015258789
2018-06-28,108.1999969482422
2018-06-29,107.0
2018-07-02,106.9000015258789
2018-07-03,106.4499969482422
2018-07-05,106.375
2018-07-06,106.375
2018-07-09,106.125
2018-07-10,105.4499969482422
2018-07-11,103.8499984741211
2018-07-12,105.0250015258789
2018-07-13,104.5500030517578
2018-07-16,106.9250030517578
2018-07-17,106.4250030517578
2018-07-18,108.9499969482422
2018-07-19,108.9000015258789
2018-07-20,108.9250030517578
2018-07-23,108.7249984741211
2018-07-24,108.0500030517578
2018-07-25,109.0250015258789
2018-07-26,107.9499969482422
2018-07-27,108.625
2018-07-30,108.4250030517578
2018-07-31,107.6750030517578
2018-08-01,108.625
2018-08-02,108.5999984741211
2018-08-03,110.6750030517578
2018-08-06,110.4000015258789
2018-08-07,110.0749969482422
2018-08-08,109.8249969482422
2018-08-09,108.25
2018-08-10,108.25
2018-08-13,107.1999969482422
2018-08-14,107.9749984741211
2018-08-15,108.3249969482422
2018-08-16,108.3249969482422
2018-08-17,109.4250030517578
2018-08-20,109.0749969482422
2018-08-21,109.2750015258789
2018-08-22,108.2249984741211
2018-08-23,107.9499969482422
2018-08-24,106.25
2018-08-27,108.1999969482422
2018-08-28,107.8000030517578
2018-08-29,109.1750030517578
2018-08-30,109.8000030517578
2018-08-31,106.8000030517578
2018-09-04,109.875
2018-09-05,109.0500030517578
2018-09-06,108.9000015258789
2018-09-07,109.9499969482422
2018-09-10,110.1500015258789
2018-09-11,109.3000030517578
2018-09-12,111.4749984741211
2018-09-13,110.8000030517578
2018-09-14,113.8000030517578
2018-09-17,113.4250030517578
2018-09-18,113.2249984741211
2018-09-19,113.0999984741211
2018-09-20,112.4499969482422
2018-09-21,113.0749969482422
2018-09-24,112.1750030517578
2018-09-25,112.3499984741211
2018-09-26,113.875
2018-09-27,113.2249984741211
2018-09-28,113.4499969482422
2018-10-01,113.6750030517578
2018-10-02,113.9749984741211
2018-10-03,113.1999969482422
2018-10-04,113.625
2018-10-05,113.8000030517578
2018-10-08,114.1750030517578
2018-10-09,113.3499984741211
2018-10-10,112.0749969482422
2018-10-11,112.625
2018-10-12,112.3249969482422
2018-10-15,113.375
2018-10-16,112.6500015258789
2018-10-17,112.9250030517578
2018-10-18,113.0749969482422
2018-10-19,112.25
2018-10-22,112.8000030517578
2018-10-23,112.7750015258789
2018-10-24,113.2750015258789
2018-10-25,113.3499984741211
2018-10-26,113.875
2018-10-29,114.3000030517578
2018-10-30,113.9000015258789
2018-10-31,115.8499984741211
2018-11-01,117.125
2018-11-02,117.0749969482422
2018-11-05,115.3249969482422
2018-11-06,115.4250030517578
2018-11-07,116.0999984741211
2018-11-08,116.5500030517578
2018-11-09,114.5749969482422
2018-11-12,114.9250030517578
2018-11-13,115.375
2018-11-14,114.5999984741211
2018-11-15,115.1500015258789
2018-11-16,115.3499984741211
2018-11-19,116.1500015258789
2018-11-20,115.6999969482422
2018-11-21,116.4000015258789
2018-11-23,117.0999984741211
2018-11-26,116.9250030517578
2018-11-27,116.6999969482422
2018-11-28,116.7750015258789
2018-11-29,116.5999984741211
2018-11-30,116.9250030517578
2018-12-03,116.875
2018-12-04,117.7750015258789
2018-12-06,117.9499969482422
2018-12-07,117.9000015258789
2018-12-10,117.5749969482422
2018-12-11,118.375
2018-12-12,119.125
2018-12-13,119.4499969482422
2018-12-14,119.5749969482422
2018-12-17,119.0250015258789
2018-12-18,119.7750015258789
2018-12-19,119.7249984741211
2018-12-20,120.2249984741211
2018-12-21,120.875
2018-12-24,120.875
2018-12-26,121.3499984741211
2018-12-27,122.9250030517578
2018-12-28,124.0749969482422
2018-12-31,124.8000030517578
2019-01-02,123.5250015258789
2019-01-03,123.2249984741211
2019-01-04,121.9250030517578
2019-01-07,123.1999969482422
2019-01-08,125.3000030517578
2019-01-09,124.8000030517578
2019-01-10,124.875
2019-01-11,124.9749984741211
2019-01-14,125.4250030517578
2019-01-15,126.9499969482422
2019-01-16,127.8249969482422
2019-01-17,127.0999984741211
2019-01-18,126.5250015258789
2019-01-22,125.125
2019-01-23,125.5500030517578
2019-01-24,125.3499984741211
2019-01-25,126.0500030517578
2019-01-28,126.4000015258789
2019-01-29,126.4749984741211
2019-01-30,126.1500015258789
2019-01-31,124.8000030517578
2019-02-01,125.4499969482422
2019-02-04,125.7249984741211
2019-02-05,126.6999969482422
2019-02-06,126.4000015258789
2019-02-07,126.3000030517578
2019-02-08,127.375
2019-02-11,127.8249969482422
2019-02-12,126.8249969482422
2019-02-13,125.9499969482422
2019-02-14,126.125
2019-02-15,126.625
2019-02-19,127.875
2019-02-20,128.3249969482422
2019-02-21,127.625
2019-02-22,128.6750030517578
2019-02-25,128.5500030517578
2019-02-26,129.5749969482422
2019-02-27,129.39999389648438
2019-02-28,129.9499969482422
2019-03-01,129.5500030517578
2019-03-04,128.35000610351562
2019-03-05,128.8249969482422
2019-03-06,128.89999389648438
2019-03-07,128.9499969482422
2019-03-08,129.6750030517578
2019-03-11,129.0
2019-03-12,126.6500015258789
2019-03-13,126.6750030517578
2019-03-14,127.4000015258789
2019-03-15,129.10000610351562
2019-03-18,128.3249969482422
2019-03-19,129.125
2019-03-20,129.5749969482422
2019-03-21,129.89999389648438
2019-03-22,129.72500610351562
2019-03-25,127.5749969482422
2019-03-26,126.9000015258789
2019-03-27,126.25
2019-03-28,126.5250015258789
2019-03-29,125.6999969482422
2019-04-01,126.1750030517578
2019-04-02,126.2750015258789
2019-04-03,125.7750015258789
2019-04-04,127.5500030517578
2019-04-05,126.0500030517578
2019-04-08,125.8000030517578
2019-04-09,125.9000015258789
2019-04-10,125.875
2019-04-11,126.0
2019-04-12,126.5500030517578
2019-04-15,126.3000030517578
2019-04-16,127.1500015258789
2019-04-17,126.9250030517578
2019-04-18,128.52499389648438
2019-04-22,128.5
2019-04-23,128.3249969482422
2019-04-24,126.7750015258789
2019-04-25,124.0500030517578
2019-04-26,124.5500030517578
2019-04-29,124.7750015258789
2019-04-30,123.75
2019-05-01,113.875
2019-05-02,113.6750030517578
2019-05-03,113.4250030517578
2019-05-06,112.2750015258789
2019-05-07,112.2750015258789
2019-05-08,111.0749969482422
2019-05-09,111.9499969482422
2019-05-10,112.4499969482422
2019-05-13,109.75
2019-05-14,109.5
2019-05-15,109.6750030517578
2019-05-16,110.4749984741211
2019-05-17,111.2750015258789
2019-05-20,111.3499984741211
2019-05-21,110.8499984741211
2019-05-22,110.6500015258789
2019-05-23,110.8000030517578
2019-05-24,111.1750030517578
2019-05-28,111.5500030517578
2019-05-29,112.3499984741211
2019-05-30,110.0749969482422
2019-05-31,108.4749984741211
2019-06-03,106.7750015258789
2019-06-04,107.5500030517578
2019-06-05,107.8499984741211
2019-06-06,107.5999984741211
2019-06-07,106.9250030517578
2019-06-10,109.6999969482422
2019-06-11,110.6750030517578
2019-06-12,109.6500015258789
2019-06-13,109.0500030517578
2019-06-14,108.7750015258789
2019-06-17,109.4499969482422
2019-06-18,109.4499969482422
2019-06-19,108.5
2019-06-20,108.1750030517578
2019-06-21,106.5500030517578
2019-06-24,106.9250030517578
2019-06-25,107.75
2019-06-26,109.0
2019-06-27,110.5749969482422
2019-06-28,110.5
2019-07-01,104.0999984741211
2019-07-02,104.0999984741211
2019-07-03,105.4499969482422
2019-07-05,107.0
2019-07-08,106.1500015258789
2019-07-09,108.125
2019-07-10,107.625
2019-07-11,107.875
2019-07-12,108.4749984741211
2019-07-15,108.5
2019-07-16,108.2249984741211
2019-07-17,108.125
2019-07-18,107.4000015258789
2019-07-19,107.5999984741211
2019-07-22,108.4499969482422
2019-07-23,109.0500030517578
2019-07-24,108.9000015258789
2019-07-25,108.6500015258789
2019-07-26,108.6500015258789
2019-07-29,108.6500015258789
2019-07-30,108.0999984741211
2019-07-31,106.9000015258789
2019-08-01,107.875
2019-08-02,107.6500015258789
2019-08-05,107.8000030517578
2019-08-06,107.125
2019-08-07,107.5999984741211
2019-08-08,107.9499969482422
2019-08-09,108.0500030517578
2019-08-12,105.0500030517578
2019-08-13,100.5500030517578
2019-08-14,100.1999969482422
2019-08-15,100.1999969482422
2019-08-16,99.9250030517578
2019-08-19,100.1999969482422
2019-08-20,101.8000030517578
2019-08-21,102.6750030517578
2019-08-22,104.9749984741211
2019-08-23,104.625
2019-08-26,105.4749984741211
2019-08-27,104.75
2019-08-28,105.0749969482422
2019-08-29,105.6500015258789
2019-08-30,105.0
2019-09-03,99.2750015258789
2019-09-04,99.0250015258789
2019-09-05,97.875
2019-09-06,94.875
2019-09-09,94.1999969482422
2019-09-10,96.1500015258789
2019-09-11,98.5
2019-09-12,98.7249984741211
2019-09-13,98.0749969482422
2019-09-16,98.0
2019-09-17,99.3499984741211
2019-09-18,100.375
2019-09-19,99.8000030517578
2019-09-20,99.3499984741211
2019-09-23,101.8499984741211
2019-09-24,102.125
2019-09-25,103.0
2019-09-26,102.9499969482422
2019-09-27,105.0250015258789
2019-09-30,104.5749969482422
2019-10-01,104.625
2019-10-02,106.0500030517578
2019-10-03,106.8000030517578
2019-10-04,107.3499984741211
2019-10-07,108.25
2019-10-08,108.1750030517578
2019-10-09,108.4749984741211
2019-10-10,108.7249984741211
2019-10-11,109.4499969482422
2019-10-14,110.625
2019-10-15,111.0
2019-10-16,112.3499984741211
2019-10-17,112.4000015258789
2019-10-18,110.4749984741211
2019-10-21,110.9499969482422
2019-10-22,109.875
2019-10-23,110.1999969482422
2019-10-24,110.4250030517578
2019-10-25,111.9749984741211
2019-10-28,112.875
2019-10-29,113.3499984741211
2019-10-30,113.375
2019-10-31,111.6750030517578
2019-11-01,119.5250015258789
2019-11-04,120.0749969482422
2019-11-05,119.4499969482422
2019-11-06,119.0
2019-11-07,119.0
2019-11-08,119.25
2019-11-11,119.875
2019-11-12,119.75
2019-11-13,118.0999984741211
2019-11-14,119.0749969482422
2019-11-15,119.0999984741211
2019-11-18,118.6999969482422
2019-11-19,118.7750015258789
2019-11-20,119.3000030517578
2019-11-21,119.3249969482422
2019-11-22,118.6750030517578
2019-11-25,119.6999969482422
2019-11-26,120.4000015258789
2019-11-27,121.4250030517578
2019-11-29,121.1999969482422
2019-12-02,120.75
2019-12-03,120.5500030517578
2019-12-04,119.4499969482422
2019-12-05,119.9250030517578
2019-12-06,120.1999969482422
2019-12-09,120.1750030517578
2019-12-10,119.875
2019-12-11,120.5749969482422
2019-12-12,120.4250030517578
2019-12-13,122.375
2019-12-16,122.3000030517578
2019-12-17,122.2249984741211
2019-12-18,122.25
2019-12-19,122.125
2019-12-20,122.2249984741211
2019-12-23,122.4000015258789
2019-12-24,122.6500015258789
2019-12-26,123.2750015258789
2019-12-27,123.5
2019-12-30,124.0999984741211
2019-12-31,124.6999969482422
2020-01-02,125.7750015258789
2020-01-03,124.7249984741211
2020-01-06,127.2750015258789
2020-01-07,126.5250015258789
2020-01-08,126.3499984741211
2020-01-09,126.7249984741211
2020-01-10,127.4250030517578
2020-01-13,126.5500030517578
2020-01-14,126.8499984741211
2020-01-15,126.5999984741211
2020-01-16,126.125
2020-01-17,126.3499984741211
2020-01-21,126.375
2020-01-22,126.1750030517578
2020-01-23,124.6750030517578
2020-01-24,124.8499984741211
2020-01-27,122.25
2020-01-28,122.1500015258789
2020-01-29,121.75
2020-01-30,121.7750015258789
2020-01-31,121.375
2020-02-03,121.6750030517578
2020-02-04,121.625
2020-02-05,120.75
2020-02-06,121.125
2020-02-07,121.3249969482422
2020-02-10,120.3000030517578
2020-02-11,119.0749969482422
2020-02-12,118.9499969482422
2020-02-13,119.4499969482422
2020-02-14,120.8249969482422
2020-02-18,121.4250030517578
2020-02-19,121.3000030517578
2020-02-20,120.0999984741211
2020-02-21,119.7249984741211
2020-02-24,117.0
2020-02-25,115.0250015258789
2020-02-26,114.0749969482422
2020-02-27,112.625
2020-02-28,112.6999969482422
2020-03-02,110.1500015258789
2020-03-03,110.0999984741211
2020-03-04,111.2750015258789
2020-03-05,108.6500015258789
2020-03-06,105.75
2020-03-09,102.8499984741211
2020-03-10,105.4499969482422
2020-03-11,103.0749969482422
2020-03-12,100.0749969482422
2020-03-13,95.5749969482422
2020-03-16,91.8499984741211
2020-03-17,96.3499984741211
2020-03-18,92.0999984741211
2020-03-19,95.0999984741211
2020-03-20,98.6500015258789
2020-03-23,101.6500015258789
2020-03-24,106.1500015258789
2020-03-25,108.4499969482422
2020-03-26,105.4499969482422
2020-03-27,100.9499969482422
2020-03-30,99.1999969482422
2020-03-31,101.8249969482422
2020-04-01,97.3249969482422
2020-04-02,92.8249969482422
2020-04-03,88.32499694824219
2020-04-06,83.82499694824219
2020-04-07,88.32499694824219
2020-04-08,92.8249969482422
2020-04-09,94.0
2020-04-13,91.0
2020-04-14,93.6999969482422
2020-04-15,94.7249984741211
2020-04-16,95.5
2020-04-17,94.6500015258789
2020-04-20,93.5250015258789
2020-04-21,91.5999984741211
2020-04-22,88.94999694824219
2020-04-23,85.94999694824219
2020-04-24,84.9749984741211
2020-04-27,84.80000305175781
2020-04-28,85.5250015258789
2020-04-29,85.5999984741211
2020-04-30,90.0
2020-05-01,87.25
2020-05-04,88.07499694824219
2020-05-05,86.4749984741211
2020-05-06,89.4749984741211
2020-05-07,93.9749984741211
2020-05-08,94.6500015258789
2020-05-11,92.6750030517578
2020-05-12,97.1750030517578
2020-05-13,93.875
2020-05-14,94.125
2020-05-15,97.0
2020-05-18,98.7249984741211
2020-05-19,98.7750015258789
2020-05-20,98.4000015258789
2020-05-21,98.8000030517578
2020-05-22,97.6999969482422
2020-05-26,99.4000015258789
2020-05-27,100.8000030517578
2020-05-28,101.4749984741211
2020-05-29,99.7249984741211
2020-06-01,98.3000030517578
2020-06-02,95.3000030517578
2020-06-03,95.4499969482422
2020-06-04,95.7249984741211
2020-06-05,93.9000015258789
2020-06-08,94.125
2020-06-09,96.3249969482422
2020-06-10,96.5999984741211
2020-06-11,96.8249969482422
2020-06-12,96.0749969482422
2020-06-15,96.0749969482422
2020-06-16,96.3249969482422
2020-06-17,96.5
2020-06-18,96.0749969482422
2020-06-19,94.6999969482422
2020-06-22,94.4000015258789
2020-06-23,93.5250015258789
2020-06-24,93.3000030517578
2020-06-25,94.1750030517578
2020-06-26,94.6999969482422
2020-06-29,95.0
2020-06-30,91.6500015258789
2020-07-01,97.3000030517578
2020-07-02,99.4000015258789
2020-07-06,100.0999984741211
2020-07-07,100.0
2020-07-08,99.1500015258789
2020-07-09,99.25
2020-07-10,100.0
2020-07-13,99.6500015258789
2020-07-14,98.8000030517578
2020-07-15,101.3000030517578
2020-07-16,103.2750015258789
2020-07-17,103.2750015258789
2020-07-20,102.2750015258789
2020-07-21,101.8499984741211
2020-07-22,101.5
2020-07-23,100.8499984741211
2020-07-24,101.3249969482422
2020-07-27,100.4250030517578
2020-07-28,100.9000015258789
2020-07-29,101.4499969482422
2020-07-30,101.7249984741211
2020-07-31,102.8249969482422
2020-08-03,103.0250015258789
2020-08-04,102.2750015258789
2020-08-05,102.3000030517578
2020-08-06,102.625
2020-08-07,102.8000030517578
2020-08-10,103.5999984741211
2020-08-11,104.6500015258789
2020-08-12,106.3499984741211
2020-08-13,107.0500030517578
2020-08-14,107.5999984741211
2020-08-17,106.9000015258789
2020-08-18,106.7249984741211
2020-08-19,107.4749984741211
2020-08-20,107.0250015258789
2020-08-21,105.8000030517578
2020-08-24,105.5749969482422
2020-08-25,105.5
2020-08-26,104.0500030517578
2020-08-27,102.9749984741211
2020-08-28,103.2249984741211
2020-08-31,104.5
2020-09-01,105.4749984741211
2020-09-02,104.4749984741211
2020-09-03,103.9250030517578
2020-09-04,104.4499969482422
2020-09-08,105.7750015258789
2020-09-09,104.6999969482422
2020-09-10,105.0999984741211
2020-09-11,105.5250015258789
2020-09-14,106.875
2020-09-15,107.0999984741211
2020-09-16,106.7249984741211
2020-09-17,106.7750015258789
2020-09-18,107.3499984741211
2020-09-21,106.6999969482422
2020-09-22,106.4749984741211
2020-09-23,107.1500015258789
2020-09-24,108.0250015258789
2020-09-25,107.5749969482422
2020-09-28,107.9499969482422
2020-09-29,108.9000015258789
2020-09-30,108.5500030517578
2020-10-01,108.5250015258789
2020-10-02,108.1750030517578
2020-10-05,108.8249969482422
2020-10-06,109.1999969482422
2020-10-07,110.1750030517578
2020-10-08,109.6999969482422
2020-10-09,109.875
2020-10-12,108.3499984741211
2020-10-13,108.8249969482422
2020-10-14,108.375
2020-10-15,107.7750015258789
2020-10-16,107.1500015258789
2020-10-19,104.0
2020-10-20,104.125
2020-10-21,103.6500015258789
2020-10-22,103.3249969482422
2020-10-23,103.3499984741211
2020-10-26,103.9749984741211
2020-10-27,104.8499984741211
2020-10-28,105.8499984741211
2020-10-29,106.2750015258789
2020-10-30,105.9749984741211
2020-11-02,108.5500030517578
2020-11-03,107.8249969482422
2020-11-04,107.875
2020-11-05,108.3499984741211
2020-11-06,108.6500015258789
2020-11-09,111.8249969482422
2020-11-10,111.875
2020-11-11,112.4000015258789
2020-11-12,111.9749984741211
2020-11-13,109.9250030517578
2020-11-16,110.4250030517578
2020-11-17,111.3249969482422
2020-11-18,110.6500015258789
2020-11-19,108.25
2020-11-20,108.0999984741211
2020-11-23,110.0
2020-11-24,111.1750030517578
2020-11-25,111.375
2020-11-27,110.625
2020-11-30,110.1750030517578
2020-12-01,110.625
2020-12-02,110.6999969482422
2020-12-03,109.5999984741211
2020-12-04,108.875
2020-12-07,108.0
2020-12-08,107.8499984741211
2020-12-09,107.375
2020-12-10,107.9250030517578
2020-12-11,108.75
2020-12-14,109.0999984741211
2020-12-15,108.5999984741211
2020-12-16,108.7750015258789
2020-12-17,109.3499984741211
2020-12-18,110.4749984741211
2020-12-21,110.5999984741211
2020-12-22,110.3249969482422
2020-12-23,111.9250030517578
2020-12-24,112.1500015258789
2020-12-28,113.0500030517578
2020-12-29,112.0500030517578
2020-12-30,112.125
2020-12-31,112.9499969482422
2021-01-04,112.3000030517578
2021-01-05,115.0500030517578
2021-01-06,115.0
2021-01-07,114.9749984741211
2021-01-08,114.4749984741211
2021-01-11,113.4000015258789
2021-01-12,112.4749984741211
2021-01-13,112.25
2021-01-14,112.0749969482422
2021-01-15,112.7750015258789
2021-01-19,113.3249969482422
2021-01-20,113.3499984741211
2021-01-21,114.0999984741211
2021-01-22,116.7249984741211
2021-01-25,116.5250015258789
2021-01-26,117.0
2021-01-27,116.4499969482422
2021-01-28,116.0
2021-01-29,115.0500030517578
2021-02-01,114.875
2021-02-02,115.9749984741211
2021-02-03,115.4749984741211
2021-02-04,116.4499969482422
2021-02-05,116.7249984741211
2021-02-08,116.5749969482422
2021-02-09,117.4499969482422
2021-02-10,116.125
2021-02-11,115.3249969482422
2021-02-12,117.1999969482422
2021-02-16,116.1500015258789
2021-02-17,115.3000030517578
2021-02-18,115.125
2021-02-19,115.9250030517578
2021-02-22,115.7249984741211
2021-02-23,115.625
2021-02-24,116.5749969482422
2021-02-25,117.0
2021-02-26,113.0999984741211
2021-03-01,118.9749984741211
2021-03-02,119.4250030517578
2021-03-03,119.4000015258789
2021-03-04,118.5500030517578
2021-03-05,119.0250015258789
2021-03-08,119.3499984741211
2021-03-09,119.6500015258789
2021-03-10,118.7750015258789
2021-03-11,118.5250015258789
2021-03-12,119.0
2021-03-15,119.125
2021-03-16,118.1999969482422
2021-03-17,119.4250030517578
2021-03-18,118.5749969482422
2021-03-19,118.4000015258789
2021-03-22,118.7750015258789
2021-03-23,119.125
2021-03-24,119.125
2021-03-25,119.5500030517578
2021-03-26,120.0999984741211
2021-03-29,120.9749984741211
2021-03-30,120.9749984741211
2021-03-31,120.9749984741211
2021-04-01,120.0250015258789
2021-04-05,121.375
2021-04-06,122.7249984741211
2021-04-07,123.1500015258789
2021-04-08,124.1500015258789
2021-04-09,123.4250030517578
2021-04-12,122.7249984741211
2021-04-13,122.4000015258789
2021-04-14,122.0999984741211
2021-04-15,121.5999984741211
2021-04-16,120.8499984741211
2021-04-19,120.3499984741211
2021-04-20,120.5749969482422
2021-04-21,119.7750015258789
2021-04-22,118.3249969482422
2021-04-23,117.8499984741211
2021-04-26,118.5
2021-04-27,118.375
2021-04-28,118.9499969482422
2021-04-29,119.4749984741211
2021-04-30,116.0
2021-05-03,115.3000030517578
2021-05-04,113.0250015258789
2021-05-05,114.4250030517578
2021-05-06,115.4749984741211
2021-05-07,116.0250015258789
2021-05-10,118.2249984741211
2021-05-11,118.625
2021-05-12,118.5999984741211
2021-05-13,115.5999984741211
2021-05-14,115.3000030517578
2021-05-17,115.3499984741211
2021-05-18,116.75
2021-05-19,116.9000015258789
2021-05-20,116.5999984741211
2021-05-21,117.6750030517578
2021-05-24,116.75
2021-05-25,116.7249984741211
2021-05-26,116.4499969482422
2021-05-27,116.3499984741211
2021-05-28,115.875
2021-06-01,113.5500030517578
2021-06-02,117.125
2021-06-03,116.7750015258789
2021-06-04,116.8249969482422
2021-06-07,116.2249984741211
2021-06-08,116.7249984741211
2021-06-09,117.4000015258789
2021-06-10,117.5749969482422
2021-06-11,118.6999969482422
2021-06-14,119.375
2021-06-15,121.2249984741211
2021-06-16,122.3000030517578
2021-06-17,120.0999984741211
2021-06-18,121.0500030517578
2021-06-21,120.9749984741211
2021-06-22,123.0999984741211
2021-06-23,122.5
2021-06-24,122.8249969482422
2021-06-25,122.8249969482422
2021-06-28,122.0999984741211
2021-06-29,122.5500030517578
2021-06-30,122.5
2021-07-01,123.5749969482422
2021-07-02,122.0
2021-07-06,122.4000015258789
2021-07-07,120.5999984741211
2021-07-08,119.2750015258789
2021-07-09,119.2249984741211
2021-07-12,119.8249969482422
2021-07-13,121.75
2021-07-14,121.25
2021-07-15,121.125
2021-07-16,120.1750030517578
2021-07-19,120.25
2021-07-20,119.7750015258789
2021-07-21,120.0500030517578
2021-07-22,120.8000030517578
2021-07-23,121.5
2021-07-26,123.4499969482422
2021-07-27,122.9250030517578
2021-07-28,123.0749969482422
2021-07-29,122.5
2021-07-30,122.0749969482422
2021-08-02,122.125
2021-08-03,123.25
2021-08-04,124.0500030517578
2021-08-05,122.5749969482422
2021-08-06,123.0
2021-08-09,123.0
2021-08-10,123.6500015258789
2021-08-11,122.9499969482422
2021-08-12,123.1500015258789
2021-08-13,122.75
2021-08-16,123.5250015258789
2021-08-17,123.3000030517578
2021-08-18,124.0250015258789
2021-08-19,123.4000015258789
2021-08-20,124.2750015258789
2021-08-23,126.4499969482422
2021-08-24,125.8000030517578
2021-08-25,124.4250030517578
2021-08-26,123.2750015258789
2021-08-27,122.0
2021-08-30,120.25
2021-08-31,118.9499969482422
2021-09-01,127.5749969482422
2021-09-02,126.0500030517578
2021-09-03,124.8000030517578
2021-09-07,123.75
2021-09-08,123.0999984741211
2021-09-09,123.75
2021-09-10,123.4250030517578
2021-09-13,122.2750015258789
2021-09-14,124.125
2021-09-15,124.1750030517578
2021-09-16,123.5999984741211
2021-09-17,122.8000030517578
2021-09-20,122.7750015258789
2021-09-21,122.4499969482422
2021-09-22,123.2750015258789
2021-09-23,123.2249984741211
2021-09-24,122.9250030517578
2021-09-27,122.4000015258789
2021-09-28,122.0
2021-09-29,121.7750015258789
2021-09-30,120.5749969482422
2021-10-01,120.4000015258789
2021-10-04,122.625
2021-10-05,122.8249969482422
2021-10-06,123.8249969482422
2021-10-07,125.2750015258789
2021-10-08,125.5749969482422
2021-10-11,125.625
2021-10-12,125.0250015258789
2021-10-13,124.7750015258789
2021-10-14,125.75
2021-10-15,125.9749984741211
2021-10-18,125.4499969482422
2021-10-19,125.0
2021-10-20,125.9499969482422
2021-10-21,124.9749984741211
2021-10-22,124.0999984741211
2021-10-25,125.0250015258789
2021-10-26,126.8249969482422
2021-10-27,127.2249984741211
2021-10-28,124.5
2021-10-29,127.375
2021-11-01,128.85000610351562
2021-11-02,129.9499969482422
2021-11-03,131.64999389648438
2021-11-04,130.625
2021-11-05,131.8000030517578
2021-11-08,132.10000610351562
2021-11-09,132.1999969482422
2021-11-10,132.0
2021-11-11,131.875
2021-11-12,132.125
2021-11-15,131.77499389648438
2021-11-16,131.72500610351562
2021-11-17,132.22500610351562
2021-11-18,133.14999389648438
2021-11-19,133.52499389648438
2021-11-22,134.4250030517578
2021-11-23,135.39999389648438
2021-11-24,137.89999389648438
2021-11-26,138.10000610351562
2021-11-29,136.9250030517578
2021-11-30,135.875
2021-12-01,136.0
2021-12-02,137.64999389648438
2021-12-03,137.6750030517578
2021-12-06,138.1750030517578
2021-12-07,138.22500610351562
2021-12-08,137.5500030517578
2021-12-09,136.72500610351562
2021-12-10,136.85000610351562
2021-12-13,136.9499969482422
2021-12-14,136.77499389648438
2021-12-15,135.0
2021-12-16,135.27499389648438
2021-12-17,134.75
2021-12-20,134.47500610351562
2021-12-21,135.52499389648438
2021-12-22,135.75
2021-12-23,137.0500030517578
2021-12-27,137.3000030517578
2021-12-28,138.47500610351562
2021-12-29,139.39999389648438
2021-12-30,139.0500030517578
2021-12-31,138.89999389648438
2022-01-03,138.9250030517578
2022-01-04,137.8249969482422
2022-01-05,137.25
2022-01-06,137.35000610351562
2022-01-07,137.3249969482422
2022-01-10,136.25
2022-01-11,137.6750030517578
2022-01-12,136.5749969482422
2022-01-13,137.0
2022-01-14,137.97500610351562
2022-01-18,137.6750030517578
2022-01-19,138.5500030517578
2022-01-20,138.3249969482422
2022-01-21,137.9250030517578
2022-01-24,136.3249969482422
2022-01-25,137.10000610351562
2022-01-26,138.0500030517578
2022-01-27,137.8249969482422
2022-01-28,138.6999969482422
2022-01-31,139.5749969482422
2022-02-01,140.3000030517578
2022-02-02,141.125
2022-02-03,141.60000610351562
2022-02-04,142.0500030517578
2022-02-07,141.8249969482422
2022-02-08,141.97500610351562
2022-02-09,142.89999389648438
2022-02-10,142.35000610351562
2022-02-11,141.875
2022-02-14,142.4250030517578
2022-02-15,142.89999389648438
2022-02-16,143.125
2022-02-17,143.39999389648438
2022-02-18,143.25
2022-02-22,143.75
2022-02-23,143.0500030517578
2022-02-24,140.52499389648438
2022-02-25,139.27499389648438
2022-02-28,140.5
2022-03-01,140.52499389648438
2022-03-02,140.10000610351562
2022-03-03,138.35000610351562
2022-03-04,135.77499389648438
2022-03-07,137.89999389648438
2022-03-08,139.0500030517578
2022-03-09,137.5749969482422
2022-03-10,135.89999389648438
2022-03-11,137.3000030517578
2022-03-14,140.3249969482422
2022-03-15,140.85000610351562
2022-03-16,139.35000610351562
2022-03-17,139.47500610351562
2022-03-18,140.5
2022-03-21,140.0500030517578
2022-03-22,139.4250030517578
2022-03-23,139.4250030517578
2022-03-24,139.6750030517578
2022-03-25,140.47500610351562
2022-03-28,140.3000030517578
2022-03-29,140.89999389648438
2022-03-30,140.1750030517578
2022-03-31,139.375
2022-04-01,138.64999389648438
2022-04-04,138.0
2022-04-05,136.8000030517578
2022-04-06,137.6999969482422
2022-04-07,138.0
2022-04-08,137.8249969482422
2022-04-11,138.52499389648438
2022-04-12,139.9499969482422
2022-04-13,140.625
2022-04-14,140.6750030517578
2022-04-18,140.47500610351562
2022-04-19,141.35000610351562
2022-04-20,143.0749969482422
2022-04-21,144.10000610351562
2022-04-22,142.4499969482422
2022-04-25,139.10000610351562
2022-04-26,140.0
2022-04-27,138.5
2022-04-28,138.5
2022-04-29,141.89999389648438
2022-05-02,135.1999969482422
2022-05-03,135.3249969482422
2022-05-04,134.8249969482422
2022-05-05,133.77499389648438
2022-05-06,132.75
2022-05-09,133.5500030517578
2022-05-10,132.39999389648438
2022-05-11,133.5749969482422
2022-05-12,131.64999389648438
2022-05-13,132.0749969482422
2022-05-16,133.1750030517578
2022-05-17,133.0
2022-05-18,131.5
2022-05-19,131.5
2022-05-20,131.5749969482422
2022-05-23,132.77499389648438
2022-05-24,132.72500610351562
2022-05-25,132.3000030517578
2022-05-26,132.39999389648438
2022-05-27,132.1750030517578
2022-05-31,130.52499389648438
2022-06-01,132.8000030517578
2022-06-02,133.625
2022-06-03,133.60000610351562
2022-06-06,132.8249969482422
2022-06-07,133.72500610351562
2022-06-08,136.8249969482422
2022-06-09,137.0500030517578
2022-06-10,136.1999969482422
2022-06-13,134.0
2022-06-14,135.1999969482422
2022-06-15,137.5500030517578
2022-06-16,137.75
2022-06-17,138.02499389648438
2022-06-21,137.8249969482422
2022-06-22,136.125
2022-06-23,135.25
2022-06-24,135.35000610351562
2022-06-27,136.25
2022-06-28,136.3000030517578
2022-06-29,136.8000030517578
2022-06-30,138.0
2022-07-01,134.60000610351562
2022-07-05,132.9250030517578
2022-07-06,134.5
2022-07-07,134.5500030517578
2022-07-08,133.9499969482422
2022-07-11,136.14999389648438
2022-07-12,136.6750030517578
2022-07-13,136.875
2022-07-14,135.39999389648438
2022-07-15,134.9250030517578
2022-07-18,135.625
2022-07-19,135.72500610351562
2022-07-20,135.75
2022-07-21,135.72500610351562
2022-07-22,137.375
2022-07-25,137.75
2022-07-26,136.875
2022-07-27,136.8000030517578
2022-07-28,136.1750030517578
2022-07-29,136.4499969482422
2022-08-01,136.77499389648438
2022-08-02,136.5749969482422
2022-08-03,137.89999389648438
2022-08-04,137.6999969482422
2022-08-05,137.875
2022-08-08,138.35000610351562
2022-08-09,137.97500610351562
2022-08-10,139.1999969482422
2022-08-11,140.60000610351562
2022-08-12,140.22500610351562
2022-08-15,139.75
2022-08-16,141.3000030517578
2022-08-17,141.75
2022-08-18,141.27499389648438
2022-08-19,141.60000610351562
2022-08-22,141.22500610351562
2022-08-23,141.625
2022-08-24,141.3249969482422
2022-08-25,141.10000610351562
2022-08-26,140.8000030517578
2022-08-29,141.5500030517578
2022-08-30,142.5
2022-08-31,141.5500030517578
2022-09-01,142.8000030517578
2022-09-02,144.5500030517578
2022-09-06,145.0500030517578
2022-09-07,144.25
2022-09-08,144.375
2022-09-09,145.6750030517578
2022-09-12,145.75
2022-09-13,144.8000030517578
2022-09-14,144.35000610351562
2022-09-15,145.625
2022-09-16,145.5
2022-09-19,145.72500610351562
2022-09-20,146.3000030517578
2022-09-21,145.875
2022-09-22,144.85000610351562
2022-09-23,144.25
2022-09-26,143.47500610351562
2022-09-27,143.5749969482422
2022-09-28,143.0500030517578
2022-09-29,144.125
2022-09-30,143.27499389648438
2022-10-03,144.3249969482422
2022-10-04,144.1999969482422
2022-10-05,144.6750030517578
2022-10-06,145.3249969482422
2022-10-07,145.3249969482422
2022-10-10,144.6999969482422
2022-10-11,145.8000030517578
2022-10-12,146.1750030517578
2022-10-13,146.4499969482422
2022-10-14,146.9499969482422
2022-10-17,147.875
2022-10-18,148.47500610351562
2022-10-19,149.35000610351562
2022-10-20,149.77499389648438
2022-10-21,150.47500610351562
2022-10-24,151.60000610351562
2022-10-25,151.6750030517578
2022-10-26,151.4499969482422
2022-10-27,151.39999389648438
2022-10-28,150.375
2022-10-31,146.77499389648438
2022-11-01,151.9499969482422
2022-11-02,151.39999389648438
2022-11-03,151.9499969482422
2022-11-04,151.64999389648438
2022-11-07,153.0500030517578
2022-11-08,153.0500030517578
2022-11-09,151.5749969482422
2022-11-10,153.0749969482422
2022-11-11,151.52499389648438
2022-11-14,151.5749969482422
2022-11-15,151.27499389648438
2022-11-16,151.8000030517578
2022-11-17,152.75
2022-11-18,153.0749969482422
2022-11-21,153.5500030517578
2022-11-22,153.8000030517578
2022-11-23,153.35000610351562
2022-11-25,153.0749969482422
2022-11-28,152.5749969482422
2022-11-29,152.6750030517578
2022-11-30,153.0749969482422
2022-12-01,153.0500030517578
2022-12-02,153.35000610351562
2022-12-05,153.22500610351562
2022-12-06,151.5500030517578
2022-12-07,151.9250030517578
2022-12-08,152.4250030517578
2022-12-09,153.6750030517578
2022-12-12,154.39999389648438
2022-12-13,154.89999389648438
2022-12-14,154.5
2022-12-15,154.0500030517578
2022-12-16,155.0500030517578
2022-12-19,155.27499389648438
2022-12-20,155.0500030517578
2022-12-21,156.125
2022-12-22,155.89999389648438
2022-12-23,156.89999389648438
2022-12-27,156.8249969482422
2022-12-28,157.4499969482422
2022-12-29,158.5
2022-12-30,154.8249969482422
2023-01-03,156.85000610351562
2023-01-04,157.27499389648438
2023-01-05,157.35000610351562
2023-01-06,156.77499389648438
2023-01-09,157.75
2023-01-10,157.75
2023-01-11,157.75
2023-01-12,157.5500030517578
2023-01-13,157.72500610351562
2023-01-17,157.0
2023-01-18,156.8000030517578
2023-01-19,155.9499969482422
2023-01-20,156.625
2023-01-23,157.47500610351562
2023-01-24,157.85000610351562
2023-01-25,157.60000610351562
2023-01-26,156.72500610351562
2023-01-27,156.72500610351562
2023-01-30,158.75
2023-01-31,158.85000610351562
2023-02-01,158.4250030517578
2023-02-02,159.75
2023-02-03,160.27499389648438
2023-02-06,160.8249969482422
2023-02-07,160.5749969482422
2023-02-08,160.8000030517578
2023-02-09,160.8249969482422
2023-02-10,161.1999969482422
2023-02-13,162.27499389648438
2023-02-14,162.14999389648438
2023-02-15,162.5500030517578
2023-02-16,162.77499389648438
2023-02-17,163.5749969482422
2023-02-21,164.75
2023-02-22,164.89999389648438
2023-02-23,165.14999389648438
2023-02-24,165.1999969482422
2023-02-27,165.0
2023-02-28,167.5
2023-03-01,165.125
2023-03-02,164.10000610351562
2023-03-03,165.4250030517578
2023-03-06,166.10000610351562
2023-03-07,165.97500610351562
2023-03-08,165.4499969482422
2023-03-09,164.8000030517578
2023-03-10,164.27499389648438
2023-03-13,163.5500030517578
2023-03-14,163.0500030517578
2023-03-15,161.5500030517578
2023-03-16,162.35000610351562
2023-03-17,162.3249969482422
2023-03-20,162.02499389648438
2023-03-21,162.4250030517578
2023-03-22,162.3000030517578
2023-03-23,162.14999389648438
2023-03-24,163.0
2023-03-27,164.89999389648438
2023-03-28,164.9499969482422
2023-03-29,165.8249969482422
2023-03-30,167.5500030517578
2023-03-31,168.35000610351562
2023-04-03,168.125
2023-04-04,167.60000610351562
2023-04-05,168.39999389648438
2023-04-06,171.0749969482422
2023-04-10,171.375
2023-04-11,172.3000030517578
2023-04-12,174.27499389648438
2023-04-13,175.5
2023-04-14,174.75
2023-04-17,175.75
2023-04-18,176.47500610351562
2023-04-19,175.4250030517578
2023-04-20,174.10000610351562
2023-04-21,173.97500610351562
2023-04-24,174.3000030517578
2023-04-25,174.3000030517578
2023-04-26,174.52499389648438
2023-04-27,175.4499969482422
2023-04-28,175.1750030517578
2023-05-01,164.875
2023-05-02,162.89999389648438
2023-05-03,161.64999389648438
2023-05-04,161.5749969482422
2023-05-05,161.9250030517578
2023-05-08,162.4250030517578
2023-05-09,163.9250030517578
2023-05-10,163.0
2023-05-11,162.9499969482422
2023-05-12,164.39999389648438
2023-05-15,164.3249969482422
2023-05-16,163.875
2023-05-17,164.8249969482422
2023-05-18,165.52499389648438
2023-05-19,165.72500610351562
2023-05-22,165.0500030517578
2023-05-23,164.27499389648438
2023-05-24,166.10000610351562
2023-05-25,167.3000030517578
2023-05-26,167.35000610351562
2023-05-30,168.875
2023-05-31,169.125
2023-06-01,174.89999389648438
2023-06-02,176.4250030517578
2023-06-05,177.14999389648438
2023-06-06,179.8249969482422
2023-06-07,179.0
2023-06-08,178.77499389648438
2023-06-09,178.22500610351562
2023-06-12,179.0749969482422
2023-06-13,179.4250030517578
2023-06-14,177.4499969482422
2023-06-15,177.5749969482422
2023-06-16,178.35000610351562
2023-06-20,177.125
2023-06-21,177.25
2023-06-22,177.64999389648438
2023-06-23,177.5
2023-06-26,177.6999969482422
2023-06-27,179.3000030517578
2023-06-28,179.625
2023-06-29,179.75
2023-06-30,181.5
2023-07-03,176.8249969482422
2023-07-05,174.9499969482422
2023-07-06,174.5749969482422
2023-07-07,177.0
2023-07-10,177.1999969482422
2023-07-11,178.8249969482422
2023-07-12,176.875
2023-07-13,176.89999389648438
2023-07-14,180.1750030517578
2023-07-17,180.125
2023-07-18,181.2749938964844
2023-07-19,181.3249969482422
2023-07-20,180.3249969482422
2023-07-21,180.02499389648438
2023-07-24,178.75
2023-07-25,178.3000030517578
2023-07-26,178.6750030517578
2023-07-27,178.0500030517578
2023-07-28,178.14999389648438
2023-07-31,178.0500030517578
2023-08-01,179.5
2023-08-02,178.02499389648438
2023-08-03,178.5
2023-08-04,180.8999938964844
2023-08-07,179.6999969482422
2023-08-08,179.6999969482422
2023-08-09,180.5749969482422
2023-08-10,181.1000061035156
2023-08-11,180.375
2023-08-14,179.75
2023-08-15,179.10000610351562
2023-08-16,178.77499389648438
2023-08-17,178.0500030517578
2023-08-18,178.52499389648438
2023-08-21,178.97500610351562
2023-08-22,177.9499969482422
2023-08-23,178.0500030517578
2023-08-24,179.85000610351562
2023-08-25,180.6750030517578
2023-08-28,180.6999969482422
2023-08-29,181.0
2023-08-30,178.8000030517578
2023-08-31,179.72500610351562
2023-09-01,180.1499938964844
2023-09-05,179.9499969482422
2023-09-06,182.6999969482422
2023-09-07,183.6499938964844
2023-09-08,183.2250061035156
2023-09-11,184.2250061035156
2023-09-12,184.1499938964844
2023-09-13,183.1499938964844
2023-09-14,185.4750061035156
2023-09-15,186.9250030517578
2023-09-18,186.3249969482422
2023-09-19,185.6750030517578
2023-09-20,186.7749938964844
2023-09-21,184.9750061035156
2023-09-22,187.0749969482422
2023-09-25,186.9750061035156
2023-09-26,184.8000030517578
2023-09-27,184.8999938964844
2023-09-28,186.5
2023-09-29,184.1999969482422
2023-10-02,184.4250030517578
2023-10-03,182.125
2023-10-04,182.1999969482422
2023-10-05,181.9499969482422
2023-10-06,183.0749969482422
2023-10-09,182.375
2023-10-10,182.5749969482422
2023-10-11,184.5
2023-10-12,185.3999938964844
2023-10-13,185.125
2023-10-16,185.1999969482422
2023-10-17,185.5
2023-10-18,185.7250061035156
2023-10-19,184.3999938964844
2023-10-20,184.2749938964844
2023-10-23,178.25
2023-10-24,180.0
2023-10-25,181.125
2023-10-26,181.6999969482422
2023-10-27,184.0
2023-10-30,184.125
2023-10-31,183.75
2023-11-01,183.625
2023-11-02,184.6750030517578
2023-11-03,183.875
2023-11-06,181.3249969482422
2023-11-07,178.77499389648438
2023-11-08,179.39999389648438
2023-11-09,174.35000610351562
2023-11-10,174.1750030517578
2023-11-13,174.9250030517578
2023-11-14,175.85000610351562
2023-11-15,177.77499389648438
2023-11-16,174.75
2023-11-17,175.75
2023-11-20,175.47500610351562
2023-11-21,175.0
2023-11-22,174.47500610351562
2023-11-24,170.25
2023-11-27,168.77499389648438
2023-11-28,171.64999389648438
2023-11-29,171.89999389648438
2023-11-30,170.875
2023-12-01,169.27499389648438
2023-12-04,167.25
2023-12-05,168.5
2023-12-06,163.4499969482422
2023-12-07,162.35000610351562
2023-12-08,165.4499969482422
2023-12-11,166.97500610351562
2023-12-12,167.6999969482422
2023-12-13,166.9499969482422
2023-12-14,167.5
2023-12-15,168.22500610351562
2023-12-18,168.8249969482422
2023-12-19,168.4499969482422
2023-12-20,170.02499389648438
2023-12-21,170.5500030517578
2023-12-22,170.0500030517578
2023-12-26,170.5749969482422
2023-12-27,170.72500610351562
2023-12-28,171.1999969482422
2023-12-29,173.6750030517578
2024-01-02,171.9250030517578
2024-01-03,171.85000610351562
2024-01-04,171.125
2024-01-05,170.5749969482422
2024-01-08,169.9499969482422
2024-01-09,170.77499389648438
2024-01-10,170.75
2024-01-11,171.8000030517578
2024-01-12,171.375
2024-01-16,173.125
2024-01-17,173.10000610351562
2024-01-18,174.8249969482422
2024-01-19,174.375
2024-01-22,173.77499389648438
2024-01-23,174.64999389648438
2024-01-24,175.35000610351562
2024-01-25,177.72500610351562
2024-01-26,178.4499969482422
2024-01-29,177.375
2024-01-30,178.02499389648438
2024-01-31,177.35000610351562
2024-02-01,179.75
2024-02-02,180.5500030517578
2024-02-05,179.72500610351562
2024-02-06,183.0
2024-02-07,182.2250061035156
2024-02-08,183.7749938964844
2024-02-09,184.625
2024-02-12,184.25
2024-02-13,183.75
2024-02-14,182.3999938964844
2024-02-15,183.3999938964844
2024-02-16,184.7749938964844
2024-02-20,184.3999938964844
2024-02-21,183.9750061035156
2024-02-22,183.5
2024-02-23,185.6000061035156
2024-02-26,185.7250061035156
2024-02-27,185.6000061035156
2024-02-28,184.6499938964844
2024-02-29,184.0
2024-03-01,188.4499969482422
2024-03-04,186.6750030517578
2024-03-05,188.0
2024-03-06,187.25
2024-03-07,188.7250061035156
2024-03-08,187.6000061035156
2024-03-11,187.6000061035156
2024-03-12,188.25
2024-03-13,189.9250030517578
2024-03-14,186.9499969482422
2024-03-15,187.25
2024-03-18,188.5749969482422
2024-03-19,188.0500030517578
2024-03-20,187.8000030517578
2024-03-21,188.375
2024-03-22,187.5
2024-03-25,186.1999969482422
2024-03-26,183.1000061035156
2024-03-27,183.6000061035156
2024-03-28,185.0
2024-04-01,180.0749969482422
2024-04-02,181.7749938964844
2024-04-03,180.9250030517578
2024-04-04,181.4750061035156
2024-04-05,178.25
2024-04-08,179.39999389648438
2024-04-09,180.6999969482422
2024-04-10,179.0749969482422
2024-04-11,180.25
2024-04-12,178.89999389648438
2024-04-15,180.3000030517578
2024-04-16,181.5
2024-04-17,180.8999938964844
2024-04-18,181.1750030517578
2024-04-19,181.4750061035156
2024-04-22,183.8249969482422
2024-04-23,183.3500061035156
2024-04-24,182.1000061035156
2024-04-25,183.9499969482422
2024-04-26,184.6750030517578
2024-04-29,185.3999938964844
2024-04-30,185.0
2024-05-01,173.85000610351562
2024-05-02,176.8000030517578
2024-05-03,176.6750030517578
2024-05-06,176.97500610351562
2024-05-07,177.625
2024-05-08,176.47500610351562
2024-05-09,175.9499969482422
2024-05-10,176.14999389648438
2024-05-13,175.5749969482422
2024-05-14,178.1750030517578
2024-05-15,178.25
2024-05-16,179.02499389648438
2024-05-17,181.0500030517578
2024-05-20,181.4750061035156
2024-05-21,182.9750061035156
2024-05-22,184.1750030517578
2024-05-23,183.5249938964844
2024-05-24,183.6999969482422
2024-05-28,184.5500030517578
2024-05-29,183.3500061035156
2024-05-30,182.5500030517578
2024-05-31,181.5500030517578
2024-06-03,182.0249938964844
2024-06-04,182.1750030517578
2024-06-05,181.7749938964844
2024-06-06,181.8249969482422
2024-06-07,182.1750030517578
2024-06-10,183.9250030517578
2024-06-11,183.75
2024-06-12,183.6499938964844
2024-06-13,184.8249969482422
2024-06-14,186.8249969482422
2024-06-17,187.0500030517578
2024-06-18,186.6750030517578
2024-06-20,187.0749969482422
2024-06-21,187.6000061035156
2024-06-24,188.8999938964844
2024-06-25,189.4750061035156
2024-06-26,192.9250030517578
2024-06-27,194.1750030517578
2024-06-28,193.5
2024-07-01,184.2749938964844
2024-07-02,185.1000061035156
2024-07-03,185.9250030517578
2024-07-05,186.4250030517578
2024-07-08,184.3500061035156
2024-07-09,182.3500061035156
2024-07-10,182.25
2024-07-11,182.25
2024-07-12,182.375
2024-07-15,182.125
2024-07-16,182.6750030517578
2024-07-17,184.2749938964844
2024-07-18,182.25
2024-07-19,183.1000061035156
2024-07-22,183.9250030517578
2024-07-23,186.3000030517578
2024-07-24,186.8999938964844
2024-07-25,188.8999938964844
2024-07-26,188.5749969482422
2024-07-29,186.9750061035156
2024-07-30,187.6999969482422
2024-07-31,187.125
2024-08-01,184.8000030517578
2024-08-02,184.1000061035156
2024-08-05,181.5500030517578
2024-08-06,181.9750061035156
2024-08-07,182.2749938964844
2024-08-08,182.0500030517578
2024-08-09,184.25
2024-08-12,183.3249969482422
2024-08-13,184.0
2024-08-14,184.6000061035156
2024-08-15,184.0500030517578
2024-08-16,182.8000030517578
2024-08-19,182.8000030517578
2024-08-20,181.0249938964844
2024-08-21,181.2250061035156
2024-08-22,182.5500030517578
2024-08-23,182.5749969482422
2024-08-26,183.6000061035156
2024-08-27,185.1750030517578
2024-08-28,183.75
2024-08-29,184.875
2024-08-30,185.8500061035156
2024-09-03,179.27499389648438
2024-09-04,179.22500610351562
2024-09-05,177.25
2024-09-06,175.1750030517578
2024-09-09,176.9250030517578
2024-09-10,176.3249969482422
2024-09-11,176.9499969482422
2024-09-12,178.02499389648438
2024-09-13,177.64999389648438
2024-09-16,177.22500610351562
2024-09-17,178.8000030517578
2024-09-18,178.3000030517578
2024-09-19,179.97500610351562
2024-09-20,182.4750061035156
2024-09-23,183.25
2024-09-24,183.1999969482422
2024-09-25,183.0500030517578
2024-09-26,184.1000061035156
2024-09-27,183.75
2024-09-30,183.7749938964844
2024-10-01,184.4750061035156
2024-10-02,187.4250030517578
2024-10-03,186.0
2024-10-04,187.0
2024-10-07,187.4750061035156
2024-10-08,188.4750061035156
2024-10-09,188.1999969482422
2024-10-10,189.1750030517578
2024-10-11,188.6000061035156
2024-10-14,188.25
2024-10-15,186.7250061035156
2024-10-16,187.0500030517578
2024-10-17,186.625
2024-10-18,187.625
2024-10-21,187.0
2024-10-22,188.0500030517578
2024-10-23,187.625
2024-10-24,189.3000030517578
2024-10-25,189.6999969482422
2024-10-28,190.1750030517578
2024-10-29,189.3000030517578
2024-10-30,188.3999938964844
2024-10-31,193.0
2024-11-01,185.9250030517578
2024-11-04,185.0749969482422
2024-11-05,184.7749938964844
2024-11-06,185.3999938964844
2024-11-07,185.8249969482422
2024-11-08,183.6999969482422
2024-11-11,183.6999969482422
2024-11-12,184.3999938964844
2024-11-13,184.0249938964844
2024-11-14,182.9499969482422
2024-11-15,182.9499969482422
2024-11-18,184.1000061035156
2024-11-19,186.5749969482422
2024-11-20,186.3000030517578
2024-11-21,185.6000061035156
2024-11-22,186.7749938964844
2024-11-25,186.5
2024-11-26,186.8999938964844
2024-11-27,188.0
2024-11-29,187.9750061035156
2024-12-02,187.5249938964844
2024-12-03,188.4750061035156
2024-12-04,188.375
2024-12-05,186.9750061035156
2024-12-06,187.375
2024-12-09,187.8000030517578
2024-12-10,189.8500061035156
2024-12-11,192.25
2024-12-12,192.125
2024-12-13,193.6499938964844
2024-12-16,192.0249938964844
2024-12-17,192.25
2024-12-18,191.3000030517578
2024-12-19,190.3500061035156
2024-12-20,191.3249969482422
2024-12-23,190.9750061035156
2024-12-24,190.8000030517578
2024-12-26,192.7749938964844
2024-12-27,193.5
2024-12-30,194.0749969482422
2024-12-31,193.8500061035156
2025-01-02,193.6000061035156
2025-01-03,194.0500030517578
2025-01-06,195.1999969482422
2025-01-07,195.5749969482422
2025-01-08,193.6999969482422
2025-01-09,197.6000061035156
2025-01-10,198.7749938964844
2025-01-13,197.3999938964844
2025-01-14,197.3999938964844
2025-01-15,198.5249938964844
2025-01-16,196.6000061035156
2025-01-17,196.75
2025-01-21,197.0500030517578
2025-01-22,200.0500030517578
2025-01-23,201.1000061035156
2025-01-24,204.7749938964844
2025-01-27,205.6750030517578
2025-01-28,208.5500030517578
2025-01-29,207.0249938964844
2025-01-30,204.4750061035156
2025-01-31,204.6000061035156
2025-02-03,202.9750061035156
2025-02-04,201.875
2025-02-05,203.6000061035156
2025-02-06,200.625
2025-02-07,200.7749938964844
2025-02-10,201.875
2025-02-11,199.6750030517578
2025-02-12,199.1499938964844
2025-02-13,199.5500030517578
2025-02-14,197.75
2025-02-18,197.4499969482422
2025-02-19,197.8249969482422
2025-02-20,197.625
2025-02-21,197.8249969482422
2025-02-24,198.8999938964844
2025-02-25,199.5
2025-02-26,198.8249969482422
2025-02-27,199.3999938964844
2025-02-28,197.7250061035156
2025-03-03,192.25
2025-03-04,194.6499938964844
2025-03-05,196.5500030517578
2025-03-06,196.2749938964844
2025-03-07,200.2749938964844
2025-03-10,200.5749969482422
2025-03-11,199.5500030517578
2025-03-12,201.3999938964844
2025-03-13,202.0500030517578
2025-03-14,203.1750030517578
2025-03-17,205.0249938964844
2025-03-18,205.375
2025-03-19,206.8249969482422
2025-03-20,208.4750061035156
2025-03-21,206.9499969482422
2025-03-24,205.8999938964844
2025-03-25,206.375
2025-03-26,207.0749969482422
2025-03-27,209.5500030517578
2025-03-28,208.8249969482422
2025-03-31,207.8000030517578
2025-04-01,209.125
2025-04-02,210.375
2025-04-03,208.0500030517578
2025-04-04,202.625
2025-04-07,198.9250030517578
2025-04-08,199.1000061035156
2025-04-09,202.8000030517578
2025-04-10,200.8500061035156
2025-04-11,202.4750061035156
2025-04-14,203.9499969482422
2025-04-15,204.8000030517578
2025-04-16,207.0749969482422
2025-04-17,209.8249969482422
2025-04-21,209.7749938964844
2025-04-22,211.375
2025-04-23,212.6999969482422
2025-04-24,213.5
2025-04-25,214.25
2025-04-28,215.6499938964844
2025-04-29,216.3500061035156
2025-04-30,215.75
2025-05-01,209.6499938964844
2025-05-02,211.1000061035156
2025-05-05,213.6499938964844
2025-05-06,213.6750030517578
2025-05-07,212.5249938964844
2025-05-08,214.25
2025-05-09,214.6750030517578
2025-05-12,216.8249969482422
2025-05-13,216.3249969482422
2025-05-14,213.9499969482422
2025-05-15,211.1750030517578
2025-05-16,212.2250061035156
2025-05-19,212.9750061035156
2025-05-20,213.1750030517578
2025-05-21,214.1499938964844
2025-05-22,215.625
2025-05-23,215.8000030517578
2025-05-27,215.125
2025-05-28,213.9250030517578
2025-05-29,215.5249938964844
2025-05-30,215.4750061035156
2025-06-02,216.5500030517578
2025-06-03,215.9750061035156
2025-06-04,218.3999938964844
2025-06-05,222.8999938964844
2025-06-06,226.3000030517578
2025-06-09,227.0
2025-06-10,227.0749969482422
2025-06-11,227.8249969482422
2025-06-12,228.1999969482422
2025-06-13,225.1000061035156
2025-06-16,227.0249938964844
2025-06-17,223.25
2025-06-18,224.3000030517578
2025-06-20,223.0249938964844
2025-06-23,222.3000030517578
2025-06-24,221.6000061035156
2025-06-25,221.6000061035156
2025-06-26,221.6999969482422
2025-06-27,224.75
2025-06-30,225.875
2025-07-01,210.75
2025-07-02,212.4499969482422
2025-07-03,214.0500030517578
2025-07-07,215.8999938964844
2025-07-08,219.9750061035156
2025-07-09,219.7749938964844
2025-07-10,219.2250061035156
2025-07-11,222.1999969482422
2025-07-14,219.3500061035156
2025-07-15,222.3999938964844
2025-07-16,223.8999938964844
2025-07-17,223.6750030517578
2025-07-18,223.5500030517578
2025-07-21,225.2250061035156
2025-07-22,224.9750061035156
2025-07-23,227.0249938964844
2025-07-24,225.8000030517578
2025-07-25,226.4750061035156
2025-07-28,227.875
2025-07-29,229.7250061035156
2025-07-30,233.0749969482422
2025-07-31,227.7749938964844
2025-08-01,230.125
2025-08-04,230.8999938964844
2025-08-05,234.2749938964844
2025-08-06,236.3000030517578
2025-08-07,238.75
2025-08-08,232.5500030517578
2025-08-11,233.0749969482422
2025-08-12,235.8249969482422
2025-08-13,235.5500030517578
2025-08-14,233.3500061035156
2025-08-15,236.25
2025-08-18,236.7250061035156
2025-08-19,236.3249969482422
2025-08-20,238.5249938964844
2025-08-21,238.6499938964844
2025-08-22,239.9499969482422
2025-08-25,240.2250061035156
2025-08-26,242.5
2025-08-27,243.25
2025-08-28,237.0
2025-08-29,241.8999938964844
2025-09-02,239.5249938964844
2025-09-03,238.3249969482422
2025-09-04,236.9499969482422
2025-09-05,235.9750061035156
2025-09-08,235.8000030517578
2025-09-09,230.1750030517578
2025-09-10,231.1499938964844
2025-09-11,232.2749938964844
2025-09-12,229.9750061035156
2025-09-15,234.6000061035156
2025-09-16,233.4499969482422
2025-09-17,231.1000061035156
2025-09-18,232.375
2025-09-19,233.5749969482422
2025-09-22,237.1499938964844
2025-09-23,235.6000061035156
2025-09-24,234.0500030517578
2025-09-25,232.0500030517578
2025-09-26,231.8000030517578
2025-09-29,231.3249969482422
2025-09-30,231.8500061035156
2025-10-01,231.1000061035156
2025-10-02,230.5249938964844
2025-10-03,231.0249938964844
2025-10-06,231.875
2025-10-07,233.1000061035156
2025-10-08,233.8500061035156
2025-10-09,235.0249938964844
2025-10-10,238.4750061035156
2025-10-13,240.5749969482422
2025-10-14,241.8249969482422
2025-10-15,242.1750030517578
2025-10-16,243.9499969482422
2025-10-17,240.25
2025-10-20,241.8500061035156
2025-10-21,243.6750030517578
2025-10-22,239.0500030517578
2025-10-23,239.7250061035156
2025-10-24,233.75
2025-10-27,228.8249969482422
2025-10-28,227.5
2025-10-29,231.3999938964844
2025-10-30,235.2749938964844
2025-10-31,236.6000061035156
2025-11-03,232.1999969482422
2025-11-04,227.7749938964844
2025-11-05,220.5249938964844
2025-11-06,218.7749938964844
2025-11-07,221.3500061035156
2025-11-10,228.5500030517578
2025-11-11,227.1999969482422
2025-11-12,225.2749938964844
2025-11-13,219.0
2025-11-14,219.1499938964844
2025-11-17,221.2749938964844
2025-11-18,220.0249938964844
2025-11-19,216.3000030517578
2025-11-20,214.7250061035156
2025-11-21,214.4499969482422
2025-11-24,207.1999969482422
2025-11-25,207.0
2025-11-26,211.0249938964844
2025-11-28,215.5749969482422
2025-12-01,214.1999969482422
2025-12-02,218.4750061035156
2025-12-03,218.9499969482422
2025-12-04,221.4499969482422
2025-12-05,227.1499938964844
2025-12-08,227.3249969482422
2025-12-09,226.8249969482422
2025-12-10,226.8000030517578
2025-12-11,230.375
2025-12-12,229.8000030517578
2025-12-15,230.8249969482422
2025-12-16,231.1499938964844
2025-12-17,230.3000030517578
2025-12-18,228.4250030517578
2025-12-19,230.3999938964844
2025-12-22,230.7250061035156
2025-12-23,228.8249969482422
2025-12-24,228.6999969482422
2025-12-26,229.8249969482422
2025-12-29,228.8999938964844
2025-12-30,231.1750030517578
2025-12-31,232.0
2026-01-02,236.0
2026-01-05,235.875
2026-01-06,236.625
2026-01-07,234.5249938964844
2026-01-08,235.2749938964844
2026-01-09,233.7250061035156
2026-01-12,235.25
2026-01-13,237.25
2026-01-14,235.1499938964844
2026-01-15,236.0500030517578
2026-01-16,232.1499938964844
2026-01-20,232.375
2026-01-21,233.1000061035156
2026-01-22,232.375
2026-01-23,234.8999938964844
2026-01-26,236.0249938964844
2026-01-27,235.6000061035156
2026-01-28,236.8249969482422
2026-01-29,235.5
2026-01-30,235.8500061035156
2026-02-02,238.1750030517578
2026-02-03,240.3249969482422
2026-02-04,240.5249938964844
2026-02-05,235.25
2026-02-06,237.75
2026-02-09,239.3000030517578
2026-02-10,239.1000061035156
2026-02-11,242.3500061035156
2026-02-12,242.5
2026-02-13,243.0749969482422
2026-02-17,246.5500030517578
2026-02-18,246.6000061035156
2026-02-19,247.5
2026-02-20,246.5749969482422
2026-02-23,244.9750061035156
2026-02-24,245.0249938964844
2026-02-25,246.0
2026-02-26,246.0
2026-02-27,244.0
2026-03-02,233.1000061035156
2026-03-03,234.125
2026-03-04,238.3500061035156
2026-03-05,238.5249938964844
2026-03-06,234.5749969482422
2026-03-09,230.1499938964844
2026-03-10,232.375
2026-03-11,230.1499938964844
2026-03-12,231.25
2026-03-13,230.8999938964844
2026-03-16,233.25
2026-03-17,235.2250061035156
2026-03-18,235.3999938964844
2026-03-19,233.2749938964844
2026-03-20,234.0500030517578
2026-03-23,235.3000030517578
2026-03-24,235.375
2026-03-25,234.4250030517578
2026-03-26,235.1000061035156
2026-03-27,238.5
2026-03-30,239.5500030517578
2026-03-31,243.0249938964844
2026-04-01,244.0500030517578
2026-04-02,246.1999969482422
2026-04-06,248.0249938964844
2026-04-07,248.1999969482422
2026-04-08,249.0
2026-04-09,249.7749938964844
2026-04-10,251.7749938964844
2026-04-13,250.6499938964844
2026-04-14,252.5500030517578
2026-04-15,252.6000061035156
2026-04-16,250.3000030517578
2026-04-17,249.9499969482422
2026-04-20,249.6000061035156
2026-04-21,247.4250030517578
2026-04-22,246.8500061035156
2026-04-23,247.0749969482422
2026-04-24,248.3000030517578
2026-04-27,250.4250030517578
2026-04-28,252.6750030517578
2026-04-29,256.875
2026-04-30,258.4750061035156
2026-05-01,253.0
2026-05-04,251.75
2026-05-05,253.2250061035156
2026-05-06,253.4750061035156
2026-05-07,250.0500030517578
2026-05-08,248.8999938964844
2026-05-11,249.3999938964844
2026-05-12,247.6999969482422
2026-05-13,252.8000030517578
2026-05-14,252.0749969482422
2026-05-15,253.8999938964844
2026-05-18,253.375
2026-05-19,254.5500030517578
2026-05-20,253.2749938964844
2026-05-21,249.1499938964844
2026-05-22,249.3000030517578
2026-05-26,248.2250061035156
2026-05-27,251.4250030517578
2026-05-28,249.75
2026-05-29,248.25
2026-06-01,249.0
2026-06-02,247.6750030517578
2026-06-03,246.625
2026-06-04,249.1750030517578
2026-06-05,250.0749969482422
2026-06-08,246.5249938964844
2026-06-09,248.0249938964844
2026-06-10,250.1000061035156
2026-06-11,251.4750061035156
2026-06-12,249.875
2026-06-15,250.625
2026-06-16,255.3000030517578
2026-06-17,255.7250061035156
2026-06-18,254.8000030517578
2026-06-22,255.8249969482422
2026-06-23,255.1499938964844
2026-06-24,256.0
2026-06-25,257.3999938964844
2026-06-26,257.45001220703125
2026-06-29,257.3999938964844
2026-06-30,258.20001220703125
2026-07-01,241.8249969482422
2026-07-02,239.2250061035156
2026-07-06,239.1000061035156
2026-07-07,238.4250030517578
2026-07-08,237.625
2026-07-09,235.25
2026-07-10,235.1999969482422
2026-07-13,234.7250061035156
2026-07-14,231.4250030517578
2026-07-15,230.125
2026-07-16,227.0749969482422
2026-07-17,224.4250030517578
2026-07-20,226.5249938964844
2026-07-21,226.6750030517578
2026-07-22,223.1999969482422
2026-07-23,225.3999938964844
2026-07-24,227.0749969482422
2026-07-27,225.2250061035156
2026-07-28,227.4750061035156
2026-07-29,227.8999938964844
2026-07-30,231.2250061035156
2026-07-31,231.75
2026-08-03,231.1000061035156
2026-08-04,231.9499969482422
2026-08-05,234.1750030517578
2026-08-06,231.2250061035156
2026-08-07,231.6999969482422
2026-08-10,233.2749938964844
2026-08-11,232.75
2026-08-12,230.5749969482422
2026-08-13,226.2250061035156
2026-08-14,223.625
2026-08-17,224.5500030517578
2026-08-18,224.8999938964844
2026-08-19,223.4250030517578
2026-08-20,223.3500061035156
2026-08-21,223.0500030517578
2026-08-24,220.0749969482422
2026-08-25,218.1000061035156
2026-08-26,218.4750061035156
2026-08-27,220.3000030517578
2026-08-28,219.25
2026-08-31,220.75
2026-09-01,212.0749969482422
2026-09-02,210.1750030517578
2026-09-03,214.3000030517578
2026-09-04,212.9499969482422
